ID,Part,ChipMaker,Nation,PCB,Serial Number,Copyright Year
1,U1,Fujitsu,JP,HVC-CPU-05,H1 569461,1983
2,U2,Fujitsu,JP,HVC-CPU-05,H1 569461,1983
3,U3,Fujitsu,JP,HVC-CPU-05,H1 569461,1983
4,U4,Hitachi,JP,HVC-CPU-05,H1 569461,1983
5,U5,Ricoh,JP,HVC-CPU-05,H1 569461,1983
6,U6,Ricoh,JP,HVC-CPU-05,H1 569461,1983
7,U7,Toshiba,JP,HVC-CPU-05,H1 569461,1983
8,U8,Toshiba,JP,HVC-CPU-05,H1 569461,1983
81,U1,Hitachi,JP,HVC-CPU-06,H2 183821,1983
84,U4,Hitachi,JP,HVC-CPU-06,H2 183821,1983
85,U5,Ricoh,JP,HVC-CPU-06,H2 183821,1983
86,U6,Ricoh,JP,HVC-CPU-06,H2 183821,1983
82,U2,Sharp,JP,HVC-CPU-06,H2 183821,1983
83,U3,Sharp,JP,HVC-CPU-06,H2 183821,1983
87,U7,Toshiba,JP,HVC-CPU-06,H2 183821,1983
88,U8,Toshiba,JP,HVC-CPU-06,H2 183821,1983
73,U1,Hitachi,JP,HVC-CPU-05,H3 088254,1983
75,U3,Hitachi,JP,HVC-CPU-05,H3 088254,1983
77,U5,Ricoh,JP,HVC-CPU-05,H3 088254,1983
78,U6,Ricoh,JP,HVC-CPU-05,H3 088254,1983
74,U2,SGS,FR,HVC-CPU-05,H3 088254,1983
76,U4,Toshiba,JP,HVC-CPU-05,H3 088254,1983
79,U7,Toshiba,JP,HVC-CPU-05,H3 088254,1983
80,U8,Toshiba,JP,HVC-CPU-05,H3 088254,1983
89,U1,Hitachi,JP,HVC-CPU-06,H7 173795,1983
92,U4,Hitachi,JP,HVC-CPU-06,H7 173795,1983
93,U5,Ricoh,JP,HVC-CPU-06,H7 173795,1983
94,U6,Ricoh,JP,HVC-CPU-06,H7 173795,1983
90,U2,Sharp,JP,HVC-CPU-06,H7 173795,1983
91,U3,Sharp,JP,HVC-CPU-06,H7 173795,1983
95,U7,Toshiba,JP,HVC-CPU-06,H7 173795,1983
96,U8,Toshiba,JP,HVC-CPU-06,H7 173795,1983
18,U2,Hitachi,JP,HVC-CPU-07,H10 045995,1984
19,U3,Hitachi,JP,HVC-CPU-07,H10 045995,1984
21,U5,Ricoh,JP,HVC-CPU-07,H10 045995,1984
22,U6,Ricoh,JP,HVC-CPU-07,H10 045995,1984
17,U1,Toshiba,JP,HVC-CPU-07,H10 045995,1984
20,U4,Toshiba,JP,HVC-CPU-07,H10 045995,1984
23,U7,Toshiba,JP,HVC-CPU-07,H10 045995,1984
24,U8,Toshiba,JP,HVC-CPU-07,H10 045995,1984
202,U2,Hitachi,JP,HVC-CPU-07,H10 636489,1984
203,U3,Hitachi,JP,HVC-CPU-07,H10 636489,1984
207,U7,Panasonic,JP,HVC-CPU-07,H10 636489,1984
208,U8,Panasonic,JP,HVC-CPU-07,H10 636489,1984
205,U5,Ricoh,JP,HVC-CPU-07,H10 636489,1984
206,U6,Ricoh,JP,HVC-CPU-07,H10 636489,1984
201,U1,Toshiba,JP,HVC-CPU-07,H10 636489,1984
204,U4,Toshiba,JP,HVC-CPU-07,H10 636489,1984
209,U1,Fujitsu,JP,HVC-CPU-07,H11 204511,1984
211,U3,Fujitsu,JP,HVC-CPU-07,H11 204511,1984
212,U4,Fujitsu,JP,HVC-CPU-07,H11 204511,1984
210,U2,Hitachi,JP,HVC-CPU-07,H11 204511,1984
215,U7,Panasonic,JP,HVC-CPU-07,H11 204511,1984
216,U8,Panasonic,JP,HVC-CPU-07,H11 204511,1984
213,U5,Ricoh,JP,HVC-CPU-07,H11 204511,1984
214,U6,Ricoh,JP,HVC-CPU-07,H11 204511,1984
218,U2,Fujitsu,JP,HVC-CPU-07,H11 241536,1984
219,U3,Mitsubishi,JP,HVC-CPU-07,H11 241536,1984
223,U7,Panasonic,JP,HVC-CPU-07,H11 241536,1984
224,U8,Panasonic,JP,HVC-CPU-07,H11 241536,1984
221,U5,Ricoh,JP,HVC-CPU-07,H11 241536,1984
222,U6,Ricoh,JP,HVC-CPU-07,H11 241536,1984
217,U1,Toshiba,JP,HVC-CPU-07,H11 241536,1984
220,U4,Toshiba,JP,HVC-CPU-07,H11 241536,1984
225,U1,Fujitsu,JP,HVC-CPU-07,H11 298567,1984
226,U2,Fujitsu,JP,HVC-CPU-07,H11 298567,1984
227,U3,Fujitsu,JP,HVC-CPU-07,H11 298567,1984
228,U4,Fujitsu,JP,HVC-CPU-07,H11 298567,1984
229,U5,Ricoh,JP,HVC-CPU-07,H11 298567,1984
230,U6,Ricoh,JP,HVC-CPU-07,H11 298567,1984
231,U7,Toshiba,JP,HVC-CPU-07,H11 298567,1984
232,U8,Toshiba,JP,HVC-CPU-07,H11 298567,1984
233,U1,Fujitsu,JP,HVC-CPU-07,H12 469718,1984
236,U4,Fujitsu,JP,HVC-CPU-07,H12 469718,1984
234,U2,Hitachi,JP,HVC-CPU-07,H12 469718,1984
235,U3,Mitsubishi,JP,HVC-CPU-07,H12 469718,1984
239,U7,Panasonic,JP,HVC-CPU-07,H12 469718,1984
240,U8,Panasonic,JP,HVC-CPU-07,H12 469718,1984
237,U5,Ricoh,JP,HVC-CPU-07,H12 469718,1984
238,U6,Ricoh,JP,HVC-CPU-07,H12 469718,1984
243,U3,Fujitsu,JP,HVC-CPU-07,H12 645734,1984
242,U2,Hitachi,JP,HVC-CPU-07,H12 645734,1984
245,U5,Ricoh,JP,HVC-CPU-07,H12 645734,1984
246,U6,Ricoh,JP,HVC-CPU-07,H12 645734,1984
241,U1,Toshiba,JP,HVC-CPU-07,H12 645734,1984
244,U4,Toshiba,JP,HVC-CPU-07,H12 645734,1984
247,U7,Toshiba,JP,HVC-CPU-07,H12 645734,1984
248,U8,Toshiba,JP,HVC-CPU-07,H12 645734,1984
249,U1,Fujitsu,JP,HVC-CPU-07,H12 714439,1984
252,U4,Fujitsu,JP,HVC-CPU-07,H12 714439,1984
253,U5,Ricoh,JP,HVC-CPU-07,H12 714439,1984
254,U6,Ricoh,JP,HVC-CPU-07,H12 714439,1984
250,U2,Texas Instruments,US,HVC-CPU-07,H12 714439,1984
251,U3,Texas Instruments TAIWAN,US,HVC-CPU-07,H12 714439,1984
255,U7,Toshiba,JP,HVC-CPU-07,H12 714439,1984
256,U8,Toshiba,JP,HVC-CPU-07,H12 714439,1984
258,U2,Fujitsu,JP,HVC-CPU-07,H13 219239,1984
259,U3,Hitachi,JP,HVC-CPU-07,H13 219239,1984
261,U5,Ricoh,JP,HVC-CPU-07,H13 219239,1984
262,U6,Ricoh,JP,HVC-CPU-07,H13 219239,1984
257,U1,Toshiba,JP,HVC-CPU-07,H13 219239,1984
260,U4,Toshiba,JP,HVC-CPU-07,H13 219239,1984
263,U7,Toshiba,JP,HVC-CPU-07,H13 219239,1984
264,U8,Toshiba,JP,HVC-CPU-07,H13 219239,1984
265,U1,Fujitsu,JP,HVC-CPU-07,H13 765684,1984
268,U4,Fujitsu,JP,HVC-CPU-07,H13 765684,1984
271,U7,Panasonic,JP,HVC-CPU-07,H13 765684,1984
272,U8,Panasonic,JP,HVC-CPU-07,H13 765684,1984
269,U5,Ricoh,JP,HVC-CPU-07,H13 765684,1984
270,U6,Ricoh,JP,HVC-CPU-07,H13 765684,1984
266,U2,Texas Instruments,US,HVC-CPU-07,H13 765684,1984
267,U3,Texas Instruments,US,HVC-CPU-07,H13 765684,1984
27,U3,Fujitsu,JP,HVC-CPU-07,H14 146711,1984
29,U5,Ricoh,JP,HVC-CPU-07,H14 146711,1984
30,U6,Ricoh,JP,HVC-CPU-07,H14 146711,1984
26,U2,Texas Instruments,US,HVC-CPU-07,H14 146711,1984
25,U1,Toshiba,JP,HVC-CPU-07,H14 146711,1984
28,U4,Toshiba,JP,HVC-CPU-07,H14 146711,1984
31,U7,Toshiba,JP,HVC-CPU-07,H14 146711,1984
32,U8,Toshiba,JP,HVC-CPU-07,H14 146711,1984
277,U5,Ricoh,JP,HVC-CPU-07,H14 477753,1984
278,U6,Ricoh,JP,HVC-CPU-07,H14 477753,1984
274,U2,Texas Instruments,US,HVC-CPU-07,H14 477753,1984
275,U3,Texas Instruments,US,HVC-CPU-07,H14 477753,1984
273,U1,Toshiba,JP,HVC-CPU-07,H14 477753,1984
276,U4,Toshiba,JP,HVC-CPU-07,H14 477753,1984
279,U7,Toshiba,JP,HVC-CPU-07,H14 477753,1984
280,U8,Toshiba,JP,HVC-CPU-07,H14 477753,1984
283,U3,Motorola,US,HVC-CPU-07,H14 621174,1984
287,U7,Panasonic,JP,HVC-CPU-07,H14 621174,1984
288,U8,Panasonic,JP,HVC-CPU-07,H14 621174,1984
285,U5,Ricoh,JP,HVC-CPU-07,H14 621174,1984
286,U6,Ricoh,JP,HVC-CPU-07,H14 621174,1984
281,U1,Sharp,JP,HVC-CPU-07,H14 621174,1984
284,U4,Sharp,JP,HVC-CPU-07,H14 621174,1984
282,U2,Texas Instruments Malaysia ,US,HVC-CPU-07,H14 621174,1984
291,U3,Hitachi,JP,HVC-CPU-07,H14 970127,1984
295,U7,Panasonic,JP,HVC-CPU-07,H14 970127,1984
296,U8,Panasonic,JP,HVC-CPU-07,H14 970127,1984
293,U5,Ricoh,JP,HVC-CPU-07,H14 970127,1984
294,U6,Ricoh,JP,HVC-CPU-07,H14 970127,1984
289,U1,Sharp,JP,HVC-CPU-07,H14 970127,1984
292,U4,Sharp,JP,HVC-CPU-07,H14 970127,1984
290,U2,Texas Instruments Malaysia ,US,HVC-CPU-07,H14 970127,1984
303,U7,Panasonic,JP,HVC-CPU-07,H15 303107,1984
304,U8,Panasonic,JP,HVC-CPU-07,H15 303107,1984
301,U5,Ricoh,JP,HVC-CPU-07,H15 303107,1984
302,U6,Ricoh,JP,HVC-CPU-07,H15 303107,1984
297,U1,Sharp,JP,HVC-CPU-07,H15 303107,1984
300,U4,Sharp,JP,HVC-CPU-07,H15 303107,1984
298,U2,Texas Instruments,US,HVC-CPU-07,H15 303107,1984
299,U3,Texas Instruments Malaysia ,US,HVC-CPU-07,H15 303107,1984
305,U1,Fujitsu,JP,HVC-CPU-07,H15 329531,1984
308,U4,Fujitsu,JP,HVC-CPU-07,H15 329531,1984
306,U2,Motorola,US,HVC-CPU-07,H15 329531,1984
307,U3,Motorola,US,HVC-CPU-07,H15 329531,1984
309,U5,Ricoh,JP,HVC-CPU-07,H15 329531,1984
310,U6,Ricoh,JP,HVC-CPU-07,H15 329531,1984
311,U7,Toshiba,JP,HVC-CPU-07,H15 329531,1984
312,U8,Toshiba,JP,HVC-CPU-07,H15 329531,1984
101,U5,-,-,HVC-CPU-07,H5 318241,1984
97,U1,Fujitsu,JP,HVC-CPU-07,H5 318241,1984
99,U3,Fujitsu,JP,HVC-CPU-07,H5 318241,1984
100,U4,Fujitsu,JP,HVC-CPU-07,H5 318241,1984
98,U2,Hitachi,JP,HVC-CPU-07,H5 318241,1984
102,U6,Ricoh,JP,HVC-CPU-07,H5 318241,1984
103,U7,Toshiba,JP,HVC-CPU-07,H5 318241,1984
104,U8,Toshiba,JP,HVC-CPU-07,H5 318241,1984
109,U5,-,-,HVC-CPU-07,H5 566871,1984
105,U1,Fujitsu,JP,HVC-CPU-07,H5 566871,1984
108,U4,Hitachi,JP,HVC-CPU-07,H5 566871,1984
111,U7,Panasonic,JP,HVC-CPU-07,H5 566871,1984
112,U8,Panasonic,JP,HVC-CPU-07,H5 566871,1984
110,U6,Ricoh,JP,HVC-CPU-07,H5 566871,1984
106,U2,Toshiba,JP,HVC-CPU-07,H5 566871,1984
107,U3,Toshiba,JP,HVC-CPU-07,H5 566871,1984
113,U1,Hitachi,JP,HVC-CPU-07,H5 621670,1984
115,U3,Hitachi,JP,HVC-CPU-07,H5 621670,1984
116,U4,Hitachi,JP,HVC-CPU-07,H5 621670,1984
117,U5,Ricoh,JP,HVC-CPU-07,H5 621670,1984
118,U6,Ricoh,JP,HVC-CPU-07,H5 621670,1984
114,U2,Toshiba,JP,HVC-CPU-07,H5 621670,1984
119,U7,Toshiba,JP,HVC-CPU-07,H5 621670,1984
120,U8,Toshiba,JP,HVC-CPU-07,H5 621670,1984
121,U1,Fujitsu,JP,HVC-CPU-07,H5 860952,1984
127,U7,Panasonic,JP,HVC-CPU-07,H5 860952,1984
128,U8,Panasonic,JP,HVC-CPU-07,H5 860952,1984
125,U5,Ricoh,JP,HVC-CPU-07,H5 860952,1984
126,U6,Ricoh,JP,HVC-CPU-07,H5 860952,1984
122,U2,Texas Instruments,US,HVC-CPU-07,H5 860952,1984
123,U3,Texas Instruments,US,HVC-CPU-07,H5 860952,1984
124,U4,Toshiba,JP,HVC-CPU-07,H5 860952,1984
131,U3,Fujitsu,JP,HVC-CPU-07,H6 136712,1984
129,U1,Hitachi,JP,HVC-CPU-07,H6 136712,1984
130,U2,Hitachi,JP,HVC-CPU-07,H6 136712,1984
132,U4,NEC,JP,HVC-CPU-07,H6 136712,1984
133,U5,Ricoh,JP,HVC-CPU-07,H6 136712,1984
134,U6,Ricoh,JP,HVC-CPU-07,H6 136712,1984
135,U7,Toshiba,JP,HVC-CPU-07,H6 136712,1984
136,U8,Toshiba,JP,HVC-CPU-07,H6 136712,1984
138,U2,Fujitsu,JP,HVC-CPU-07,H6 440763,1984
137,U1,Hitachi,JP,HVC-CPU-07,H6 440763,1984
139,U3,Hitachi,JP,HVC-CPU-07,H6 440763,1984
140,U4,Hitachi,JP,HVC-CPU-07,H6 440763,1984
143,U7,Panasonic,JP,HVC-CPU-07,H6 440763,1984
144,U8,Panasonic,JP,HVC-CPU-07,H6 440763,1984
141,U5,Ricoh,JP,HVC-CPU-07,H6 440763,1984
142,U6,Ricoh,JP,HVC-CPU-07,H6 440763,1984
10,U2,Fujitsu,JP,HVC-CPU-07,H6 954765,1984
11,U3,Fujitsu,JP,HVC-CPU-07,H6 954765,1984
9,U1,Hitachi,JP,HVC-CPU-07,H6 954765,1984
13,U5,Ricoh,JP,HVC-CPU-07,H6 954765,1984
14,U6,Ricoh,JP,HVC-CPU-07,H6 954765,1984
12,U4,Toshiba,JP,HVC-CPU-07,H6 954765,1984
15,U7,Toshiba,JP,HVC-CPU-07,H6 954765,1984
16,U8,Toshiba,JP,HVC-CPU-07,H6 954765,1984
146,U2,Fujitsu,JP,HVC-CPU-07,H7 289258,1984
147,U3,Fujitsu,JP,HVC-CPU-07,H7 289258,1984
148,U4,Fujitsu,JP,HVC-CPU-07,H7 289258,1984
145,U1,Hitachi,JP,HVC-CPU-07,H7 289258,1984
149,U5,Ricoh,JP,HVC-CPU-07,H7 289258,1984
150,U6,Ricoh,JP,HVC-CPU-07,H7 289258,1984
151,U7,Toshiba,JP,HVC-CPU-07,H7 289258,1984
152,U8,Toshiba,JP,HVC-CPU-07,H7 289258,1984
154,U2,Fujitsu,JP,HVC-CPU-07,H7 573646,1984
155,U3,Fujitsu,JP,HVC-CPU-07,H7 573646,1984
153,U1,Hitachi,JP,HVC-CPU-07,H7 573646,1984
156,U4,NEC,JP,HVC-CPU-07,H7 573646,1984
157,U5,Ricoh,JP,HVC-CPU-07,H7 573646,1984
158,U6,Ricoh,JP,HVC-CPU-07,H7 573646,1984
159,U7,Toshiba,JP,HVC-CPU-07,H7 573646,1984
160,U8,Toshiba,JP,HVC-CPU-07,H7 573646,1984
162,U2,Hitachi,JP,HVC-CPU-07,H8 010392,1984
165,U5,Ricoh,JP,HVC-CPU-07,H8 010392,1984
166,U6,Ricoh,JP,HVC-CPU-07,H8 010392,1984
163,U3,Texas Instruments,US,HVC-CPU-07,H8 010392,1984
161,U1,Toshiba,JP,HVC-CPU-07,H8 010392,1984
164,U4,Toshiba,JP,HVC-CPU-07,H8 010392,1984
167,U7,Toshiba,JP,HVC-CPU-07,H8 010392,1984
168,U8,Toshiba,JP,HVC-CPU-07,H8 010392,1984
170,U2,Fujitsu,JP,HVC-CPU-07,H8 013055,1984
171,U3,Fujitsu,JP,HVC-CPU-07,H8 013055,1984
173,U5,Ricoh,JP,HVC-CPU-07,H8 013055,1984
174,U6,Ricoh,JP,HVC-CPU-07,H8 013055,1984
169,U1,Toshiba,JP,HVC-CPU-07,H8 013055,1984
172,U4,Toshiba,JP,HVC-CPU-07,H8 013055,1984
175,U7,Toshiba,JP,HVC-CPU-07,H8 013055,1984
176,U8,Toshiba,JP,HVC-CPU-07,H8 013055,1984
178,U2,Fujitsu,JP,HVC-CPU-07,H8 094464,1984
179,U3,Fujitsu,JP,HVC-CPU-07,H8 094464,1984
181,U5,Ricoh,JP,HVC-CPU-07,H8 094464,1984
182,U6,Ricoh,JP,HVC-CPU-07,H8 094464,1984
177,U1,Toshiba,JP,HVC-CPU-07,H8 094464,1984
180,U4,Toshiba,JP,HVC-CPU-07,H8 094464,1984
183,U7,Toshiba,JP,HVC-CPU-07,H8 094464,1984
184,U8,Toshiba,JP,HVC-CPU-07,H8 094464,1984
185,U1,Fujitsu,JP,HVC-CPU-07,H8 856552,1984
186,U2,Hitachi,JP,HVC-CPU-07,H8 856552,1984
188,U4,Hitachi,JP,HVC-CPU-07,H8 856552,1984
191,U7,Panasonic,JP,HVC-CPU-07,H8 856552,1984
192,U8,Panasonic,JP,HVC-CPU-07,H8 856552,1984
189,U5,Ricoh,JP,HVC-CPU-07,H8 856552,1984
190,U6,Ricoh,JP,HVC-CPU-07,H8 856552,1984
187,U3,Texas Instruments,US,HVC-CPU-07,H8 856552,1984
193,U1,Fujitsu,JP,HVC-CPU-07,H9 984381,1984
194,U2,Fujitsu,JP,HVC-CPU-07,H9 984381,1984
196,U4,Fujitsu,JP,HVC-CPU-07,H9 984381,1984
197,U5,Ricoh,JP,HVC-CPU-07,H9 984381,1984
198,U6,Ricoh,JP,HVC-CPU-07,H9 984381,1984
195,U3,Texas Instruments,US,HVC-CPU-07,H9 984381,1984
199,U7,Toshiba,JP,HVC-CPU-07,H9 984381,1984
200,U8,Toshiba,JP,HVC-CPU-07,H9 984381,1984
33,U1,Fujitsu,JP,HVC-CPU-GPM-01,HV1065006,1988
34,U2,Fujitsu,JP,HVC-CPU-GPM-01,HV1065006,1988
35,U3,Fujitsu,JP,HVC-CPU-GPM-01,HV1065006,1988
36,U4,Fujitsu,JP,HVC-CPU-GPM-01,HV1065006,1988
37,U5,Ricoh,JP,HVC-CPU-GPM-01,HV1065006,1988
38,U6,Ricoh,JP,HVC-CPU-GPM-01,HV1065006,1988
39,U7,Toshiba,JP,HVC-CPU-GPM-01,HV1065006,1988
40,U8,Toshiba,JP,HVC-CPU-GPM-01,HV1065006,1988
321,U1,Fujitsu,JP,HVC-CPU-GPM-02,HC1 037210,1989
322,U2,Fujitsu,JP,HVC-CPU-GPM-02,HC1 037210,1989
323,U3,Fujitsu,JP,HVC-CPU-GPM-02,HC1 037210,1989
324,U4,Fujitsu,JP,HVC-CPU-GPM-02,HC1 037210,1989
325,U5,Ricoh,JP,HVC-CPU-GPM-02,HC1 037210,1989
326,U6,Ricoh,JP,HVC-CPU-GPM-02,HC1 037210,1989
327,U7,Toshiba,JP,HVC-CPU-GPM-02,HC1 037210,1989
328,U8,Toshiba,JP,HVC-CPU-GPM-02,HC1 037210,1989
329,U1,Fujitsu,JP,HVC-CPU-GPM-02,HC1 235265,1989
332,U4,Fujitsu,JP,HVC-CPU-GPM-02,HC1 235265,1989
330,U2,Motorola,US,HVC-CPU-GPM-02,HC1 235265,1989
333,U5,Ricoh,JP,HVC-CPU-GPM-02,HC1 235265,1989
334,U6,Ricoh,JP,HVC-CPU-GPM-02,HC1 235265,1989
331,U3,Texas Instruments,US,HVC-CPU-GPM-02,HC1 235265,1989
335,U7,Toshiba,JP,HVC-CPU-GPM-02,HC1 235265,1989
336,U8,Toshiba,JP,HVC-CPU-GPM-02,HC1 235265,1989
338,U2,Motorola,US,HVC-CPU-GPM-02,HC1 398963,1989
341,U5,Ricoh,JP,HVC-CPU-GPM-02,HC1 398963,1989
342,U6,Ricoh,JP,HVC-CPU-GPM-02,HC1 398963,1989
337,U1,Sharp,JP,HVC-CPU-GPM-02,HC1 398963,1989
340,U4,Sharp,JP,HVC-CPU-GPM-02,HC1 398963,1989
339,U3,Texas Instruments Malaysia ,US,HVC-CPU-GPM-02,HC1 398963,1989
343,U7,Toshiba,JP,HVC-CPU-GPM-02,HC1 398963,1989
344,U8,Toshiba,JP,HVC-CPU-GPM-02,HC1 398963,1989
346,U2,Motorola,US,HVC-CPU-GPM-02,HC1 424708,1989
349,U5,Ricoh,JP,HVC-CPU-GPM-02,HC1 424708,1989
350,U6,Ricoh,JP,HVC-CPU-GPM-02,HC1 424708,1989
345,U1,Sharp,JP,HVC-CPU-GPM-02,HC1 424708,1989
348,U4,Sharp,JP,HVC-CPU-GPM-02,HC1 424708,1989
347,U3,Texas Instruments Malaysia ,US,HVC-CPU-GPM-02,HC1 424708,1989
351,U7,Toshiba,JP,HVC-CPU-GPM-02,HC1 424708,1989
352,U8,Toshiba,JP,HVC-CPU-GPM-02,HC1 424708,1989
354,U2,Motorola,US,HVC-CPU-GPM-02,HC2 623062,1989
355,U3,Motorola,US,HVC-CPU-GPM-02,HC2 623062,1989
357,U5,Ricoh,JP,HVC-CPU-GPM-02,HC2 623062,1989
358,U6,Ricoh,JP,HVC-CPU-GPM-02,HC2 623062,1989
353,U1,Sony,JP,HVC-CPU-GPM-02,HC2 623062,1989
356,U4,Sony,JP,HVC-CPU-GPM-02,HC2 623062,1989
359,U7,Toshiba,JP,HVC-CPU-GPM-02,HC2 623062,1989
360,U8,Toshiba,JP,HVC-CPU-GPM-02,HC2 623062,1989
362,U2,Motorola,US,HVC-CPU-GPM-02,HC3 073341,1989
363,U3,Motorola,US,HVC-CPU-GPM-02,HC3 073341,1989
365,U5,Ricoh,JP,HVC-CPU-GPM-02,HC3 073341,1989
366,U6,Ricoh,JP,HVC-CPU-GPM-02,HC3 073341,1989
361,U1,Sony,JP,HVC-CPU-GPM-02,HC3 073341,1989
364,U4,Sony,JP,HVC-CPU-GPM-02,HC3 073341,1989
367,U7,Toshiba,JP,HVC-CPU-GPM-02,HC3 073341,1989
368,U8,Toshiba,JP,HVC-CPU-GPM-02,HC3 073341,1989
371,U3,Motorola,US,HVC-CPU-GPM-02,HC3 550247,1989
373,U5,Ricoh,JP,HVC-CPU-GPM-02,HC3 550247,1989
374,U6,Ricoh,JP,HVC-CPU-GPM-02,HC3 550247,1989
369,U1,Sharp,JP,HVC-CPU-GPM-02,HC3 550247,1989
372,U4,Sharp,JP,HVC-CPU-GPM-02,HC3 550247,1989
370,U2,Texas Instruments,US,HVC-CPU-GPM-02,HC3 550247,1989
375,U7,Toshiba,JP,HVC-CPU-GPM-02,HC3 550247,1989
376,U8,Toshiba,JP,HVC-CPU-GPM-02,HC3 550247,1989
378,U2,Motorola,US,HVC-CPU-GPM-02,HC3 565447,1989
379,U3,Motorola,US,HVC-CPU-GPM-02,HC3 565447,1989
380,U4,Motorola,US,HVC-CPU-GPM-02,HC3 565447,1989
381,U5,Ricoh,JP,HVC-CPU-GPM-02,HC3 565447,1989
382,U6,Ricoh,JP,HVC-CPU-GPM-02,HC3 565447,1989
383,U7,Toshiba,JP,HVC-CPU-GPM-02,HC3 565447,1989
384,U8,Toshiba,JP,HVC-CPU-GPM-02,HC3 565447,1989
377,U1,unknown,-,HVC-CPU-GPM-02,HC3 565447,1989
42,U2,Fujitsu,JP,HVC-CPU-GPM-02,HC3 996631,1989
41,U1,Motorola,US,HVC-CPU-GPM-02,HC3 996631,1989
44,U4,Motorola,US,HVC-CPU-GPM-02,HC3 996631,1989
45,U5,Ricoh,JP,HVC-CPU-GPM-02,HC3 996631,1989
46,U6,Ricoh,JP,HVC-CPU-GPM-02,HC3 996631,1989
43,U3,Texas Instruments Malaysia ,US,HVC-CPU-GPM-02,HC3 996631,1989
47,U7,Toshiba,JP,HVC-CPU-GPM-02,HC3 996631,1989
48,U8,Toshiba,JP,HVC-CPU-GPM-02,HC3 996631,1989
51,U3,Motorola,US,HVC-CPU-GPM-02,HC4 756352,1989
52,U4,Motorola,US,HVC-CPU-GPM-02,HC4 756352,1989
53,U5,Ricoh,JP,HVC-CPU-GPM-02,HC4 756352,1989
54,U6,Ricoh,JP,HVC-CPU-GPM-02,HC4 756352,1989
50,U2,Texas Instruments,US,HVC-CPU-GPM-02,HC4 756352,1989
55,U7,Toshiba,JP,HVC-CPU-GPM-02,HC4 756352,1989
56,U8,Toshiba,JP,HVC-CPU-GPM-02,HC4 756352,1989
49,U1,unknown,-,HVC-CPU-GPM-02,HC4 756352,1989
386,U2,Hitachi,JP,HVC-CPU-GPM-02,HC4 962961,1989
387,U3,Hitachi,JP,HVC-CPU-GPM-02,HC4 962961,1989
389,U5,Ricoh,JP,HVC-CPU-GPM-02,HC4 962961,1989
390,U6,Ricoh,JP,HVC-CPU-GPM-02,HC4 962961,1989
391,U7,Toshiba,JP,HVC-CPU-GPM-02,HC4 962961,1989
392,U8,Toshiba,JP,HVC-CPU-GPM-02,HC4 962961,1989
385,U1,unknown,-,HVC-CPU-GPM-02,HC4 962961,1989
388,U4,unknown,-,HVC-CPU-GPM-02,HC4 962961,1989
395,U3,Motorola,US,HVC-CPU-GPM-02,HC5 054319,1989
397,U5,Ricoh,JP,HVC-CPU-GPM-02,HC5 054319,1989
398,U6,Ricoh,JP,HVC-CPU-GPM-02,HC5 054319,1989
393,U1,Sharp,JP,HVC-CPU-GPM-02,HC5 054319,1989
396,U4,Sharp,JP,HVC-CPU-GPM-02,HC5 054319,1989
394,U2,Texas Instruments,US,HVC-CPU-GPM-02,HC5 054319,1989
399,U7,Toshiba,JP,HVC-CPU-GPM-02,HC5 054319,1989
400,U8,Toshiba,JP,HVC-CPU-GPM-02,HC5 054319,1989
58,U2,Motorola,US,HVC-CPU-GPM-02,HC5 126958,1989
59,U3,Motorola,US,HVC-CPU-GPM-02,HC5 126958,1989
61,U5,Ricoh,JP,HVC-CPU-GPM-02,HC5 126958,1989
62,U6,Ricoh,JP,HVC-CPU-GPM-02,HC5 126958,1989
57,U1,Sharp,JP,HVC-CPU-GPM-02,HC5 126958,1989
60,U4,Sharp,JP,HVC-CPU-GPM-02,HC5 126958,1989
63,U7,Toshiba,JP,HVC-CPU-GPM-02,HC5 126958,1989
64,U8,Toshiba,JP,HVC-CPU-GPM-02,HC5 126958,1989
413,U5,Ricoh,JP,HVC-CPU-GPM-02,HC5 359025,1989
414,U6,Ricoh,JP,HVC-CPU-GPM-02,HC5 359025,1989
409,U1,Sharp,JP,HVC-CPU-GPM-02,HC5 359025,1989
412,U4,Sharp,JP,HVC-CPU-GPM-02,HC5 359025,1989
410,U2,Texas Instruments,US,HVC-CPU-GPM-02,HC5 359025,1989
411,U3,Texas Instruments,US,HVC-CPU-GPM-02,HC5 359025,1989
415,U7,Toshiba,JP,HVC-CPU-GPM-02,HC5 359025,1989
416,U8,Toshiba,JP,HVC-CPU-GPM-02,HC5 359025,1989
403,U3,Motorola,US,HVC-CPU-GPM-02,HC5 366757,1989
405,U5,Ricoh,JP,HVC-CPU-GPM-02,HC5 366757,1989
406,U6,Ricoh,JP,HVC-CPU-GPM-02,HC5 366757,1989
401,U1,Sharp,JP,HVC-CPU-GPM-02,HC5 366757,1989
404,U4,Sharp,JP,HVC-CPU-GPM-02,HC5 366757,1989
402,U2,Texas Instruments,US,HVC-CPU-GPM-02,HC5 366757,1989
407,U7,Toshiba,JP,HVC-CPU-GPM-02,HC5 366757,1989
408,U8,Toshiba,JP,HVC-CPU-GPM-02,HC5 366757,1989
419,U3,Hitachi,JP,HVC-CPU-GPM-02,HC5 467320,1989
421,U5,Ricoh,JP,HVC-CPU-GPM-02,HC5 467320,1989
422,U6,Ricoh,JP,HVC-CPU-GPM-02,HC5 467320,1989
420,U4,Sharp,JP,HVC-CPU-GPM-02,HC5 467320,1989
418,U2,Texas Instruments,US,HVC-CPU-GPM-02,HC5 467320,1989
423,U7,Toshiba,JP,HVC-CPU-GPM-02,HC5 467320,1989
424,U8,Toshiba,JP,HVC-CPU-GPM-02,HC5 467320,1989
417,U1,unknown,-,HVC-CPU-GPM-02,HC5 467320,1989
427,U3,Hitachi,JP,HVC-CPU-GPM-02,HC5 469675,1989
429,U5,Ricoh,JP,HVC-CPU-GPM-02,HC5 469675,1989
430,U6,Ricoh,JP,HVC-CPU-GPM-02,HC5 469675,1989
428,U4,Sharp,JP,HVC-CPU-GPM-02,HC5 469675,1989
426,U2,Texas Instruments,US,HVC-CPU-GPM-02,HC5 469675,1989
431,U7,Toshiba,JP,HVC-CPU-GPM-02,HC5 469675,1989
432,U8,Toshiba,JP,HVC-CPU-GPM-02,HC5 469675,1989
425,U1,unknown,-,HVC-CPU-GPM-02,HC5 469675,1989
69,U5,Ricoh,JP,HVC-CPU-GPM-02,HC5 679074,1989
70,U6,Ricoh,JP,HVC-CPU-GPM-02,HC5 679074,1989
65,U1,Sharp,JP,HVC-CPU-GPM-02,HC5 679074,1989
68,U4,Sharp,JP,HVC-CPU-GPM-02,HC5 679074,1989
66,U2,Texas Instruments,US,HVC-CPU-GPM-02,HC5 679074,1989
67,U3,Texas Instruments Malaysia ,US,HVC-CPU-GPM-02,HC5 679074,1989
71,U7,Toshiba,JP,HVC-CPU-GPM-02,HC5 679074,1989
72,U8,Toshiba,JP,HVC-CPU-GPM-02,HC5 679074,1989
434,U2,Hitachi,JP,HVC-CPU-GPM-02,HC5 708141,1989
435,U3,Hitachi,JP,HVC-CPU-GPM-02,HC5 708141,1989
437,U5,Ricoh,JP,HVC-CPU-GPM-02,HC5 708141,1989
438,U6,Ricoh,JP,HVC-CPU-GPM-02,HC5 708141,1989
433,U1,Sharp,JP,HVC-CPU-GPM-02,HC5 708141,1989
436,U4,Sharp,JP,HVC-CPU-GPM-02,HC5 708141,1989
439,U7,Toshiba,JP,HVC-CPU-GPM-02,HC5 708141,1989
440,U8,Toshiba,JP,HVC-CPU-GPM-02,HC5 708141,1989
314,U2,Fujitsu,JP,HVC-CPU-GPM-02,HV1 276857,1989
315,U3,Fujitsu,JP,HVC-CPU-GPM-02,HV1 276857,1989
313,U1,Hitachi,JP,HVC-CPU-GPM-02,HV1 276857,1989
316,U4,Hitachi,JP,HVC-CPU-GPM-02,HV1 276857,1989
317,U5,Ricoh,JP,HVC-CPU-GPM-02,HV1 276857,1989
318,U6,Ricoh,JP,HVC-CPU-GPM-02,HV1 276857,1989
319,U7,Toshiba,JP,HVC-CPU-GPM-02,HV1 276857,1989
320,U8,Toshiba,JP,HVC-CPU-GPM-02,HV1 276857,1989
443,U3,Motorola,US,HVC-CPU-GPM-02,unknown,1989
445,U5,Ricoh,JP,HVC-CPU-GPM-02,unknown,1989
446,U6,Ricoh,JP,HVC-CPU-GPM-02,unknown,1989
441,U1,Sony,JP,HVC-CPU-GPM-02,unknown,1989
444,U4,Sony,JP,HVC-CPU-GPM-02,unknown,1989
442,U2,Texas Instruments Malaysia ,US,HVC-CPU-GPM-02,unknown,1989
447,U7,Toshiba,JP,HVC-CPU-GPM-02,unknown,1989
448,U8,Toshiba,JP,HVC-CPU-GPM-02,unknown,1989
